J.K. Rowling,Harry Potter,300,978-123,Fantasia,Rocco,false,UK
J.K. Rowling,Harry Potter,300,978-123,Fantasia,Rocco,false,UK
J.K. Rowling,Harry Potter,300,978-123,Fantasia,Rocco,false,UK
J.K. Rowling,Harry Potter,300,978-123,Fantasia,Rocco,false,UK
J.K. Rowling,Harry Potter,300,978-123,Fantasia,Rocco,false,UK
J.K. Rowling,Harry Potter,300,978-123,Fantasia,Rocco,false,UK
J.K. Rowling,Harry Potter,300,978-123,Fantasia,Rocco,false,UK
J.K. Rowling,Harry Potter,300,978-123,Fantasia,Rocco,false,UK
J.K. Rowling,Harry Potter,300,978-123,Fantasia,Rocco,false,UK
J.K. Rowling,Harry Potter,300,978-123,Fantasia,Rocco,false,UK
J.K. Rowling,Harry Potter,300,978-123,Fantasia,Rocco,false,UK
J.K. Rowling,Harry Potter,300,978-123,Fantasia,Rocco,false,UK
J.K. Rowling,Harry Potter,300,978-123,Fantasia,Rocco,false,UK
J.K. Rowling,Harry Potter,300,978-123,Fantasia,Rocco,false,UK
J.K. Rowling,Harry Potter,300,978-123,Fantasia,Rocco,false,UK
J.K. Rowling,Harry Potter,300,978-123,Fantasia,Rocco,false,UK
J.K. Rowling,Harry Potter,300,978-123,Fantasia,Rocco,false,UK
J.K. Rowling,Harry Potter,300,978-123,Fantasia,Rocco,false,
J.K. Rowling,Harry Potter,300,978-123,Fantasia,Rocco,false,UK
J.K. Rowling,Harry Potter,300,978-123,Fantasia,Rocco,false,UK
J.K. Rowling,Harry Potter,300,978-123,Fantasia,Rocco,false,UK
J.K. Rowling,Harry Potter,300,978-123,Fantasia,Rocco,false,UK
J.K. Rowling,Harry Potter,300,978-123,Fantasia,Rocco,false,UK
J.K. Rowling,Harry Potter,300,978-123,Fantasia,Rocco,false,UK
J.K. Rowling,Harry Potter,300,978-123,Fantasia,Rocco,false,UK
J.K. Rowling,Harry Potter,300,978-123,Fantasia,Rocco,false,UK
J.K. Rowling,Harry Potter,300,978-123,Fantasia,Rocco,false,UK
J.K. Rowling,Harry Potter,300,978-123,Fantasia,Rocco,false,UK
J.K. Rowling,Harry Potter,300,978-123,Fantasia,Rocco,false,UK
J.K. Rowling,Harry Potter,300,978-123,Fantasia,Rocco,false,UK
J.K. Rowling,Harry Potter,300,978-123,Fantasia,Rocco,false,UK
J.K. Rowling,Harry Potter,300,978-123,Fantasia,Rocco,false,UK
J.K. Rowling,Harry Potter,300,978-123,Fantasia,Rocco,false,UK
J.K. Rowling,Harry Potter,300,978-123,Fantasia,Rocco,false,UK
